review,rating
"This charger works perfectly and arrived earlier than expected. Great value for the price.",5
"The headphones sound clear, feel comfortable, and the battery lasts all day.",5
"Amazing quality. I would absolutely buy this product again.",5
"The package was fine but the product is just okay. Nothing special.",3
"Average item. It works, but the plastic feels cheap and setup took too long.",3
"It is acceptable for basic use, although I expected better instructions.",3
"Terrible purchase. The product stopped working after two days.",1
"Very disappointed because the item arrived damaged and customer support was slow.",1
"Poor quality and not worth the money. I returned it immediately.",2
"Excellent build, fast delivery, and the seller included helpful accessories.",5
"The screen is bright and the controls are simple to understand.",4
"The size was different from the listing, so the experience was frustrating.",2
"Decent product for the cost. Delivery was late but the item works.",3
"I love the design and it feels durable after a week of daily use.",5
"The device overheats quickly and the performance is unreliable.",1
